post_id,setup_id,ticker,post_date,user_handle,post_content,scraping_timestamp,post_url
BGO_20241008_20241004_111600_8e7290c4,BGO_20241008,BGO,2024-10-04 11:16:00,bigpunt,"What on earth is ""cash profit""?  And what follows is platitudinous nonsense.  How can anyone have any credibility in a report that uses an oxymoron like it is recognised jargon",2025-05-28 01:41:30.441,https://www.lse.co.uk/profiles/bigpunt/
BGO_20241008_20241003_201600_0e9e0bef,BGO_20241008,BGO,2024-10-03 20:16:00,ICB888,"IC Buy rating in tomorrow‚Äôs magazine:Bango‚Äôs discount rating is primed to narrowSimon Thompson: Strong demand for Bango's payment service from content providers and telecom companiesSimon Thompson18 per cent higher first-half revenue of $24.1mnAnnual recurring revenue (ARR) up 130 per cent to $12.9mnAdjusted cash profit of $4mn reverses loss of $0.2mnAs content providers look for new ways to attract, engage and monetise their subscribers, bundling with telecom services is increasingly the answer. For telecom operators, offering subscription bundles increases the value of their network services, reduces churn rates and enables customers to manage their subscriptions in one place, too.These dynamics explain the bumper annual recurring revenue growth reported by Aim-traded mobile payment platform provider Bango (BGO:115p). Specifically, its digital vending machine (DVM) service enables customers of telecom companies to manage and pay for all their subscriptions in a single place and on one bill.In the first half, Bango signed four new DVM contracts, including one with a Latin American bank, extended an existing contract with a European telecoms operator, and added 13 subscription content providers to its DVM service to take the total past 100 for the first time. Ultimately, DVM exists to allow content owners to grow and expand, hence why it is increasingly the platform subscription content providers are choosing. For instance, the international taxi group Uber joined the Bango DVM to help drive the adoption of its Uber One subscription service (food delivery, taxi rides).Growth from the group‚Äôs DVM enterprise-grade solution explains Bango‚Äôs 159 per cent net revenue retention rate ‚Äì a measure of the retention and expansion of revenue from existing customers ‚Äì from a high-margin business segment that boasts a gross margin of 95 per cent and is becoming an increasingly important part of the group.‚Äù",2025-05-28 01:41:30.442,https://www.lse.co.uk/profiles/icb888/
BGO_20241008_20241003_201500_0e9e0bef,BGO_20241008,BGO,2024-10-03 20:15:00,ICB888,"Hefty second-half weightingTrue, there is a heavy second-half weighting to forecasts as Bango‚Äôs first-half cash profit of $4mn (¬£3mn) accounts for only a quarter of Singer Capital Markets maintained full-year estimate of $16.8mn, up from $6.4mn in the 2023 financial year.Analyst estimates are based on 16 per cent higher full-year revenue of $53.5mn, implying revenue of $29.4mn is needed to deliver $12.8mn of cash profit in the second half. That may seem a stretch, but the business has relatively flat operating expenditure and is highly operationally geared. It means that the drop-through of incremental gross profit to cash profit is accentuated in a strong revenue cycle and one that will benefit from an increasing contribution from the DVM high-margin business.The directors have confidence in hitting analysts‚Äô full-year pre-tax profit estimate of $5.2mn, which underpins their earnings per share (EPS) forecast of 5.9¬¢. Expect second-half cash flow to drive down net debt from $5.1mn to $2.9mn by the year-end, too. On this basis, Bango‚Äôs enterprise valuation to cash profit multiple is only 7.3 times, or less than half that of peers (Boku (BOKU), Fonix Mobile (FNX) and Eagle Eye Solutions ( EYE)).So, having upgraded my recommendation at the annual results (‚ÄòWhy Bango‚Äôs share price is set to recover strongly‚Äô, 8 April 2024), I see the profit taking since the pre-close trading update (‚ÄòThis payment business's re-rating has further to run‚Äô, 16 July 2024) as a repeat buying opportunity. Buy.",2025-05-28 01:41:30.443,https://www.lse.co.uk/profiles/icb888/
BGO_20241008_20241003_130200_b3024207,BGO_20241008,BGO,2024-10-03 13:02:00,casualinvestor11,"Good set of results, and now random large sell off, this feels like super value but needs some encouragement at some point",2025-05-28 01:41:30.444,https://www.lse.co.uk/profiles/casualinvestor11/
BGO_20241008_20241001_081700_30e51919,BGO_20241008,BGO,2024-10-01 08:17:00,Troajan,Https://www.proactiveinvestors.co.uk/companies/news/1057288/bango-ceo-paul-larbey-on-strong-h1-performance-progress-with-four-strategic-pillars-1057288.html,2025-05-28 01:41:30.444,https://www.lse.co.uk/profiles/troajan/
BGO_20241008_20240930_193400_5ddeedbb,BGO_20241008,BGO,2024-09-30 19:34:00,Couerdelion,Nothing here in the results to worry me. I've only got a small holding here but I don't have any doubt that the SP will cover in time once the Autumn Budget it out of the way.,2025-05-28 01:41:30.445,https://www.lse.co.uk/profiles/couerdelion/
BGO_20241008_20240930_123900_719bdec7,BGO_20241008,BGO,2024-09-30 12:39:00,ChrisP1234,"Solid set of results, but again they are selling into any buys‚Ä¶ Let‚Äôs hope we get some director buyers and/or a hedge fund taking a position.",2025-05-28 01:41:30.445,https://www.lse.co.uk/profiles/chrisp1234/
BGO_20241008_20240930_114600_05242e86,BGO_20241008,BGO,2024-09-30 11:46:00,iWantThatOne,"Good to see reiteration of expectation of hitting FY targets today. Singer says:‚ÄúInvestors‚Äô focus on Bango‚Äôs near-term profitability is of course legitimate, but in-so-doing, this has driven the stock to levels, which undervalues the company‚Äôs strong top-line progress, especially that of its DVM business, which grew ARR +130% y/y to $12.9m, thanks to growing uptake from blue-chip logos, such that 3 of the largest 5 US telco‚Äôs are now customers. Not only does this demonstrate DVM is an enterprise grade solution, but also highlights Bango‚Äôs growth potential ‚Äì both with existing customers and the broader market. Highlighting this, we believe there is significant growth potential, just from existing logos and - alongside a consistent DCB business - $80m/revs is an achievable medium-term target. ‚ÄúAnd ‚ÄúProviding BGO successfully executes in H2, then the optics should radically change, and so too the share price. ‚Äú",2025-05-28 01:41:30.446,https://www.lse.co.uk/profiles/iwantthatone/
BGO_20241008_20240924_153000_05242e86,BGO_20241008,BGO,2024-09-24 15:30:00,iWantThatOne,"Just looked at the figures again and there should be optimism about the company hitting its annual targets. Adding 6% growth (per H1) to H2 ‚Äò23 payments revenue would get us to $34.6m, to which we add the H1 ‚Äò24 DVM etc revenue of $7.7m. That‚Äôs $42.3m in total, meaning we need c$11m DVM etc in H2. That should be achievable given the pace of growth, illustrated by the ARR. In FY ‚Äò22 ARR was $5.0m against revenue of $10.2m. In FY ‚Äò23 the corresponding figures were $8.8m and $13.4m. At HY 24 the ARR was $12.9m - suggesting the year‚Äôs revenue could easily be high teens, as required. I think once the annual trading statement is released in January ‚Äò25 it‚Äôll be game on again here. Until then I expect there‚Äôs a lot of caution about whether they can do it. Not helped by the company‚Äôs pathetic PR machine.",2025-05-28 01:41:30.446,https://www.lse.co.uk/profiles/iwantthatone/
BGO_20241008_20240924_123500_8c115e2d,BGO_20241008,BGO,2024-09-24 12:35:00,Masterfly7,"Upcoming budget: AIM shares used for estate planning, capital gains tax treatment etc. not a huge amount of incentive for PI to take a punt!",2025-05-28 01:41:30.447,https://www.lse.co.uk/profiles/masterfly7/
BGO_20241008_20240923_212700_b3024207,BGO_20241008,BGO,2024-09-23 21:27:00,casualinvestor11,"Properly strange going into results, practically nothing being traded day to day. Feels like shares normally rise or drop towards results and this is doing neither.  What's people's thoughts",2025-05-28 01:41:30.447,https://www.lse.co.uk/profiles/casualinvestor11/
BGO_20241008_20240920_174100_72be1fd9,BGO_20241008,BGO,2024-09-20 17:41:00,Batterseafish,That's the London market.........it's become small and less important post Brexit. But good value shares are being taken off the market and wouldn't be surprised if that happens here.,2025-05-28 01:41:30.448,https://www.lse.co.uk/profiles/batterseafish/
BGO_20241008_20240920_172800_05242e86,BGO_20241008,BGO,2024-09-20 17:28:00,iWantThatOne,"The lack of news flow does not inspire with this company. If someone decides to sell, there‚Äôs nothing to cause anyone to jump in to counter the slide. Expecting a significant move upward in Q4 if they remain on track for the full year.",2025-05-28 01:41:30.448,https://www.lse.co.uk/profiles/iwantthatone/
BGO_20241008_20240920_132500_719bdec7,BGO_20241008,BGO,2024-09-20 13:25:00,ChrisP1234,"Agreed‚Ä¶ And the results are just one week away?  I would expect they will reiterate their guidance for 2024, And there should be no more surprises from the acquisition, as most of that was dealt with last year.  The only question is around the FX, as  the Japanese Yen has had considerable movement?The biggest problem is just a lack of trades for the last 6 weeks!!  It‚Äôs floated down on no volume",2025-05-28 01:41:30.449,https://www.lse.co.uk/profiles/chrisp1234/
BGO_20241008_20240920_111500_3951c788,BGO_20241008,BGO,2024-09-20 11:15:00,HenryHistorian,All very strange here - it almost feels like no interest in Bango - a company that has growing revenues and which had some teething problem with an acquisition but that should fall away... so why this lack of interest/enthusiasm?,2025-05-28 01:41:30.449,https://www.lse.co.uk/profiles/henryhistorian/
AML_20250529_20250529_012757_6df887e1,AML_20250529,AML,2025-05-29 01:27:57.727141,livestock,Must have a lot of confidence with more skin in the game,2025-05-29 01:28:08.594,https://www.lse.co.uk/ShareChat.html?ShareTicker=AML
AML_20250529_20250529_012757_c982de22,AML_20250529,AML,2025-05-29 01:27:57.72729,Dartron,"Just under 200,000 shares. Might help drive the price up, if shorts needed that stock...",2025-05-29 01:28:08.6,https://www.lse.co.uk/ShareChat.html?ShareTicker=AML
AML_20250529_20250529_012757_54ebe010,AML_20250529,AML,2025-05-29 01:27:57.727416,Vorlich001,Https://www.topgear.com/car-news/supercars/watch-fernando-alonso-rag-new-aston-valhalla-around-monaco,2025-05-29 01:28:08.601,https://www.lse.co.uk/ShareChat.html?ShareTicker=AML
AML_20250529_20250529_012757_f9fb5aab,AML_20250529,AML,2025-05-29 01:27:57.727538,chesil356,Https://www.instagram.com/stories/astonmartin/3638829670119699760?igsh=MXhxNThzOXJoczhnaA==,2025-05-29 01:28:08.602,https://www.lse.co.uk/ShareChat.html?ShareTicker=AML
AML_20250529_20250529_012757_5dd996c0,AML_20250529,AML,2025-05-29 01:27:57.72767,Mav1967,I know you berated me for being heavy in BOOM when I bought in here at 64p and had AML as a BUY.Maybe you should look at BOOM. I think they are going to move back to ¬£6 shortlyBut what do I know heh?,2025-05-29 01:28:08.603,https://www.lse.co.uk/ShareChat.html?ShareTicker=AML
AML_20250529_20250529_012757_20378ede,AML_20250529,AML,2025-05-29 01:27:57.72779,Thor111,"Exactly, I think that this stand-up comedian can soon leave forever to the deepest forest of Africa!",2025-05-29 01:28:08.604,https://www.lse.co.uk/ShareChat.html?ShareTicker=AML
AML_20250529_20250529_012757_096ac833,AML_20250529,AML,2025-05-29 01:27:57.72791,advocate1973,"Haha remember when the price was increasing and he disappeared like normal, said he could not get signal as he was in Africa..the funniest lie, we were all creasing with laughter!African26",2025-05-29 01:28:08.604,https://www.lse.co.uk/ShareChat.html?ShareTicker=AML
AML_20250529_20250529_012757_8937e238,AML_20250529,AML,2025-05-29 01:27:57.728028,TomHH,Put a smile on my face reading The Times piece today.  They are effectively patting themselves for the move that's happened here since they called it long.  Now they are calling Mobico a long too.,2025-05-29 01:28:08.605,https://www.lse.co.uk/ShareChat.html?ShareTicker=AML
AML_20250529_20250529_012757_9b242c17,AML_20250529,AML,2025-05-29 01:27:57.728147,TheAnswerIsNo,How he knows about Africa if not many ID person? Haha! Detective works complete haha!,2025-05-29 01:28:08.606,https://www.lse.co.uk/ShareChat.html?ShareTicker=AML
AML_20250529_20250529_012757_5e97e7ce,AML_20250529,AML,2025-05-29 01:27:57.728269,c2645sg,Germany:DBX sold 8Bentayga sold 62Purosangue sold 137Urus sold 354Maserati sold 212Cayenne sold 2482,2025-05-29 01:28:08.607,https://www.lse.co.uk/ShareChat.html?ShareTicker=AML
AML_20250529_20250529_012757_18609040,AML_20250529,AML,2025-05-29 01:27:57.728392,Mukiwa,Yes  you are right and I will not respond to him/her  anymore.Who knows maybe the share price will eventually go back up again and they will disappear for their unpaid holiday to the deepest part of Africa ü§∑,2025-05-29 01:28:08.608,https://www.lse.co.uk/ShareChat.html?ShareTicker=AML
AML_20250529_20250529_012757_de885767,AML_20250529,AML,2025-05-29 01:27:57.728511,selecta6,"Just block him/her, like most of us have done.His/her survival is based on drawing a response.If starved of replies, his/her oxygen dries up.Then he/her will shove off somewhere else.Then we all win.",2025-05-29 01:28:08.608,https://www.lse.co.uk/ShareChat.html?ShareTicker=AML
AML_20250529_20250529_012757_a1558a51,AML_20250529,AML,2025-05-29 01:27:57.728872,Stockcompass,"C26, you‚Äôve literally ruined this chat and I‚Äôve tried numerous times to make you see sense but you‚Äôre not going to! That is abundantly clear!It‚Äôs shame but you clearly are a tortured soulBye all time to leave üëãüèª",2025-05-29 01:28:08.611,https://www.lse.co.uk/ShareChat.html?ShareTicker=AML
AML_20250529_20250529_012757_2938f8db,AML_20250529,AML,2025-05-29 01:27:57.728992,MarkPatrick,"C26: clearly a matter for Mukiwa, but given your previous response to questions asked of you, ‚Äònone of your business‚Äô would be entirely reasonable (as I‚Äôve said  to you before).",2025-05-29 01:28:08.611,https://www.lse.co.uk/ShareChat.html?ShareTicker=AML
AML_20250529_20250529_012757_29c3128c,AML_20250529,AML,2025-05-29 01:27:57.729354,Jon39,Date	             Broker	                                        Recommendation. 	Old Target	   New Target	      Rating Type19-Feb-25.       JP Morgan Cazenove	        Neutral	                             -	                   160.00	              Reiteration02-May-24	     JP Morgan Cazenove	        Neutral	                        260.00	           225.00	              Reiteration29-Feb-24	     Barclays	                                       Overweight	                        300.00	           300.00	              Reiteration,2025-05-29 01:28:08.614,https://www.lse.co.uk/ShareChat.html?ShareTicker=AML
AML_20250529_20250529_012757_9d290c74,AML_20250529,AML,2025-05-29 01:27:57.729594,458Ferrari,"Bentley sell more so where's the exclusivity? Buyers in the niche market want exclusivity and that's reflective in the residual values of Bentley compared to Aston. You can get an 10 plate Bentley GT for ¬£12k, you cant get a 10 plate DB9 for anything near that.",2025-05-29 01:28:08.615,https://www.lse.co.uk/ShareChat.html?ShareTicker=AML
AML_20250529_20250529_012803_5e97e7ce,AML_20250529,AML,2025-05-29 01:28:03.13406,c2645sg,"German auto sales.... year to date 2025, SUV sectorDBX sold 8Bentayga sold 62Purosangue sold 137Urus sold 354Maserati sold 212Cayenne sold 2482",2025-05-29 01:28:08.619,https://www.lse.co.uk/ShareChat.html?ShareTicker=AML&page=2
AML_20250529_20250529_012803_9d290c74,AML_20250529,AML,2025-05-29 01:28:03.134208,458Ferrari,I agree on the range being the best ever. Look at the new models being released like the Vantage from the chassis dynamics to the interior fit and finish and Aston really are bringing models to the market which are highly competitive.,2025-05-29 01:28:08.62,https://www.lse.co.uk/ShareChat.html?ShareTicker=AML&page=2
AML_20250529_20250529_012803_20378ede,AML_20250529,AML,2025-05-29 01:28:03.134342,Thor111,Https://www.autocar.co.uk/car-review/aston-martin/vantage-roadster?fbclid=IwY2xjawKaaOhleHRuA2FlbQIxMQABHs8shYVfGSCUfEH7Kdv0a1mEFQ_Yw2SQyIng2bH79x-E5C_vzQy8mMUaEU0o_aem_I4wNUvKYhf44os9Dr8_-HAanother fantastic car in the new range. They had never such good beautiful range ever before.  Current market cap 1% of Ferrari... Surely can go at least to 10%!,2025-05-29 01:28:08.621,https://www.lse.co.uk/ShareChat.html?ShareTicker=AML&page=2
AML_20250529_20250529_012803_18609040,AML_20250529,AML,2025-05-29 01:28:03.134474,Mukiwa,Surely it is not rocket science? No one can be that stupid to post over 4400 comments on public chat when they are not invested or getting paid to do so. Repeatedly posting AI generated negative sentiment again again. Why? Surely someone is not that stupid to do so?Clown!!,2025-05-29 01:28:08.621,https://www.lse.co.uk/ShareChat.html?ShareTicker=AML&page=2
AML_20250529_20250529_012803_9b242c17,AML_20250529,AML,2025-05-29 01:28:03.135246,TheAnswerIsNo,They will be needing more casbh very soon and that clear,2025-05-29 01:28:08.625,https://www.lse.co.uk/ShareChat.html?ShareTicker=AML&page=2
AML_20250529_20250529_012803_6df887e1,AML_20250529,AML,2025-05-29 01:28:03.135379,livestock,"Aston Martin brings the paddock's 'most dangerous weapon' to MonacoAdrian Newey is set to make his first official trackside appearance in Monaco donning British racing green coloured attire, and he'll be there with his notebookhttps://www.gpblog.com/en/news/f1-teams-warned-newey-will-be-at-monaco-gp-with-the-notebook",2025-05-29 01:28:08.626,https://www.lse.co.uk/ShareChat.html?ShareTicker=AML&page=2
AML_20250529_20250529_012803_096ac833,AML_20250529,AML,2025-05-29 01:28:03.135512,advocate1973,"Do you think so, the sign of a man scorned because he (by his own admission as shown by AML) has lost a truck load of money and is very bitter. Fishing with dynamite!Have a great day all.I bet you all the phrase ""cash raise"" is mentioned today.....",2025-05-29 01:28:08.626,https://www.lse.co.uk/ShareChat.html?ShareTicker=AML&page=2
AML_20250529_20250529_012803_f9fb5aab,AML_20250529,AML,2025-05-29 01:28:03.135879,chesil356,"Advocate, I think you must have touched a nerve!!",2025-05-29 01:28:08.628,https://www.lse.co.uk/ShareChat.html?ShareTicker=AML&page=2
AML_20250529_20250529_012808_096ac833,AML_20250529,AML,2025-05-29 01:28:08.568354,advocate1973,"You do not bring anything to the board apart from misery. No one values your word and you have been proved wrong many times, and you let your ID slip and were caught out in a beautiful fashion!Sun is out, enjoy and see a cash raise therapist. Been saying this for over a year and it has not happened.",2025-05-29 01:28:08.635,https://www.lse.co.uk/ShareChat.html?ShareTicker=AML&page=3
AML_20250529_20250529_012808_5e97e7ce,AML_20250529,AML,2025-05-29 01:28:08.568505,c2645sg,"Swiss, how long will the 125m cash raised last week last AML?",2025-05-29 01:28:08.636,https://www.lse.co.uk/ShareChat.html?ShareTicker=AML&page=3
AML_20250529_20250529_012808_a62b6499,AML_20250529,AML,2025-05-29 01:28:08.568778,Son_of_Swiss,"Hey Tim, thanks for the heads up.Utter buffoonery fitting the wrong bloody screws.I‚Äôve had enough of these Aston Martin cowboys. I‚Äôm selling up. What a waste of time!No idea how people would manage without experts like your self giving up so much of you time, every hour of every day it seems, helping us.You are a saint! Thank you. üôèüèªü§¨",2025-05-29 01:28:08.637,https://www.lse.co.uk/ShareChat.html?ShareTicker=AML&page=3
AML_20250529_20250529_012808_6d3a2daa,AML_20250529,AML,2025-05-29 01:28:08.569044,2slow2know,Newey is NOT working on any part of this ears car! He is 100% working on next years.,2025-05-29 01:28:08.639,https://www.lse.co.uk/ShareChat.html?ShareTicker=AML&page=3
AML_20250529_20250529_012808_bebc74e8,AML_20250529,AML,2025-05-29 01:28:08.569319,LIBERTY2,"Hope you‚Äôve had an enjoyable afternoon C26.- Im retrospect, I know very little about most of the 7,000+ companies I am ‚Äòinvested‚Äô in, thankfully its a long proven method and has been a successful strategy to build wealth over the years I have partaken in it.- I offered no advice related to Aston Martin, for which you could ignore.  Unsure how your previous price predictions tie-in to a benign suggestion that you may want to look out the window and live a little.- very important for the stock market to have bears and bulls, without these it stops working.  I haven‚Äôt studied them in detail, but what I have seen of your posts they seem to be fairly factual which is great, albeit with a strong negative bias, which is also fine, you are entitled to your opinion.The concerning point for an unemotional bystander is the sheer unrelenting obsession displayed, some would consider this worthy of intervention (if C26s‚Äô wife, family or friends are reading, could be time).Also quite concerning a grown man using the term ‚Äòhehe‚Äô, but you did give me a laugh, thank you.So overall from my perspective it has been a relatively factual and humorous experience from your last few posts, albeit with continued concern for your mental health.  Certainly no filter required.I‚Äôll check back in in a month or two and see how the psychology has developed.All the best folks.",2025-05-29 01:28:08.64,https://www.lse.co.uk/ShareChat.html?ShareTicker=AML&page=3
AML_20250529_20250529_012808_7c9d4760,AML_20250529,AML,2025-05-29 01:28:08.569994,Vanquished,Looks like Newey has made the Aston average again.,2025-05-29 01:28:08.644,https://www.lse.co.uk/ShareChat.html?ShareTicker=AML&page=3
AML_20250529_20250529_012808_2f4bcdfd,AML_20250529,AML,2025-05-29 01:28:08.570533,TinyPie2,"You do you stockcompass, but this board was destroyed long ago by a poison which is still here and should be removed, its hell bent on talking aml down no matter what happens, has a total unbalanced view and is not interested in actually discussing the business and the future in a realistic way. It just trys to shout louder and longer than anyone else until normal people just can't be a#sed anymore.",2025-05-29 01:28:08.646,https://www.lse.co.uk/ShareChat.html?ShareTicker=AML&page=3
AML_20250529_20250529_012808_a1558a51,AML_20250529,AML,2025-05-29 01:28:08.570668,Stockcompass,"Ladies and gents, let‚Äôs not go down this road again of attacking each other on this forum!It was working very well temporarily I might add just having normal conversations and insights that‚Äôs relevant!We don‚Äôt need previous comments we‚Äôve made in the past brought up and smothering repeatedly cash raises C26 I thought we came past this!There‚Äôs no need to dig at each other, if there are cases of this just ignore and be the bigger person‚Ä¶.Just keep the forum like it should be thoughts and news positive or negative.Hopefully this can happen & hope you all are having a great weekend üëçüèª",2025-05-29 01:28:08.647,https://www.lse.co.uk/ShareChat.html?ShareTicker=AML&page=3
AML_20250529_20250529_012808_6df887e1,AML_20250529,AML,2025-05-29 01:28:08.571203,livestock,Https://youtu.be/k_RH56KMvNA?si=CiZaSDmDhTFPlIlP,2025-05-29 01:28:08.65,https://www.lse.co.uk/ShareChat.html?ShareTicker=AML&page=3
AML_20250529_20250529_012808_20378ede,AML_20250529,AML,2025-05-29 01:28:08.571336,Thor111,"Spreading false information again, sales are under 'Sonstigen'. Or you really think they only sell the DBX in Germany.  Btw it's the medical car in F1, not the safety car.Maybe you better like these sales results?https://www.febiac.be/sites/default/files/media/file/2025-04/2503_Cars%20by%20make.pdf",2025-05-29 01:28:08.651,https://www.lse.co.uk/ShareChat.html?ShareTicker=AML&page=3
BGO_20250529_20250529_012918_2355cc3e,BGO_20250529,BGO,2025-05-29 01:29:18.275944,Morbox,"Wow, only I've bought this morning. last added at 78p in march, so just added a few more.",2025-05-29 01:29:27.296,https://www.lse.co.uk/ShareChat.html?ShareTicker=BGO
BGO_20250529_20250529_012918_94f9ad0e,BGO_20250529,BGO,2025-05-29 01:29:18.27609,Spacerat,Must be moving to a 31 March reference date?  Would make sense given current sales weighting and the current seasonal end.  Would greatly improve transparency imo.,2025-05-29 01:29:27.301,https://www.lse.co.uk/ShareChat.html?ShareTicker=BGO
BGO_20250529_20250529_012918_05242e86,BGO_20250529,BGO,2025-05-29 01:29:18.276233,iWantThatOne,"My understanding is that AIM companies have six months to publish their report and accounts, so it‚Äôs not yet overdue.  Definitely unusual for them to be this late, though.On a related topic, the US dollar‚Äôs depreciation this year will cause disruption to this year‚Äôs figures. Down 8% vs GBP year to date, this‚Äôll make BGO‚Äôs cost base look higher in dollar terms. On the other side, the Japanese yen and some other currencies are also stronger than the dollar by about the same amount, so that will boost revenue in dollar terms and provide some mitigation.",2025-05-29 01:29:27.303,https://www.lse.co.uk/ShareChat.html?ShareTicker=BGO
BGO_20250529_20250529_012918_e01d5775,BGO_20250529,BGO,2025-05-29 01:29:18.276368,Monty888,It‚Äôs always concerning when results are 2 months late and counting and no announcement even of the date they will be released. I am aware there are time limits and rules on late audited results required RNS‚Äôs. I think it‚Äôs 3 months and a reason must be stated. I suspect they are not following rules regarding compliant revenue recognition or some sort of write down or provisions that are flakey. Doesn‚Äôt bode well to me that we hav e delays without communications. Hope I‚Äôm totally off the mark with my concerns.,2025-05-29 01:29:27.304,https://www.lse.co.uk/ShareChat.html?ShareTicker=BGO
BGO_20250529_20250529_012918_30e51919,BGO_20250529,BGO,2025-05-29 01:29:18.276637,Troajan,Https://www.proactiveinvestors.co.uk/companies/news/1071622/bango-expands-us-reach-for-its-dvm-in-licencing-deal-with-optimum.html,2025-05-29 01:29:27.306,https://www.lse.co.uk/ShareChat.html?ShareTicker=BGO
BGO_20250529_20250529_012918_65666392,BGO_20250529,BGO,2025-05-29 01:29:18.277038,pensioner167,"Bango has started to give a monthly Bytesize presentation. The last one at the end of April was about technical issues. At the end of this presentation Bango's Benjamin Caveen made a brief appearance. He recommended that people tun in to the presentation at the end of May. His words were 'We have got something special , hopefully'. The words 'something special' implies a significant development. The word 'hopefully' implies that this is a positive development. I think this significant development is the reason for the delay.",2025-05-29 01:29:27.308,https://www.lse.co.uk/ShareChat.html?ShareTicker=BGO
BGO_20250529_20250529_012918_86a3c03d,BGO_20250529,BGO,2025-05-29 01:29:18.277171,CountryYokel,"Thought they would have been published by now or at least a notice of when they would be - 8th April and 24th April last year.  While we know from the trading update in January what these will roughly be was hoping they would include an update on 2025 trading given we are 5 months in.  Anyone know when they will be published or the reason for the delay - hopefully no audit issues and there is a logical explanation for the delay, takeover says he speculating!  CY",2025-05-29 01:29:27.309,https://www.lse.co.uk/ShareChat.html?ShareTicker=BGO
BGO_20250529_20250529_012918_624c3e22,BGO_20250529,BGO,2025-05-29 01:29:18.277571,Stuartrm,"I am not sure where they get their figures from but the 2-8 May 2025 of the IC has the following earnings per share estimates:3 months ago 3.4p1 month ago 3.6pNext 12 months 2.2pThis seems odd, given the recent increase in the share price.  The share price at the time of publication was 81p.",2025-05-29 01:29:27.311,https://www.lse.co.uk/ShareChat.html?ShareTicker=BGO
BGO_20250529_20250529_012918_3f330283,BGO_20250529,BGO,2025-05-29 01:29:18.277703,Misterh,Probably routed through a different trading venue such as Aquis.,2025-05-29 01:29:27.312,https://www.lse.co.uk/ShareChat.html?ShareTicker=BGO
BGO_20250529_20250529_012918_80c01764,BGO_20250529,BGO,2025-05-29 01:29:18.277835,HowSoonisNowNow,Could anyone suggest why my purchase this morning is not shown?,2025-05-29 01:29:27.313,https://www.lse.co.uk/ShareChat.html?ShareTicker=BGO
BGO_20250529_20250529_012918_4d27138b,BGO_20250529,BGO,2025-05-29 01:29:18.2781,Ronto,That's huge increase on ......no news,2025-05-29 01:29:27.315,https://www.lse.co.uk/ShareChat.html?ShareTicker=BGO
BGO_20250529_20250529_012918_5ddeedbb,BGO_20250529,BGO,2025-05-29 01:29:18.278369,Couerdelion,Not sure what's driving the price here. 10% increase on a fairly modest volume of trades.,2025-05-29 01:29:27.317,https://www.lse.co.uk/ShareChat.html?ShareTicker=BGO
BGO_20250529_20250529_012918_5d0c0c23,BGO_20250529,BGO,2025-05-29 01:29:18.278766,amuhith,"Last year, notice of result was issued on 25/3/24 and the result on 8/4/24.What's happening this rear Bango?",2025-05-29 01:29:27.32,https://www.lse.co.uk/ShareChat.html?ShareTicker=BGO
BGO_20250529_20250529_012927_94f9ad0e,BGO_20250529,BGO,2025-05-29 01:29:27.278459,Spacerat,Boku now valued at x 8.5!!!!,2025-05-29 01:29:27.323,https://www.lse.co.uk/ShareChat.html?ShareTicker=BGO&page=2
BGO_20250529_20250529_012927_05242e86,BGO_20250529,BGO,2025-05-29 01:29:27.278598,iWantThatOne,"I think we need a statement on how the current environment is expected to affect the company. Certainly a recession could affect people buying goods using DCB or taking out subs - but does this warrant the drop we‚Äôve seen? What about potential tariffs on Amazon physical goods in Japan, or other? Just dunno.",2025-05-29 01:29:27.324,https://www.lse.co.uk/ShareChat.html?ShareTicker=BGO&page=2
BGO_20250529_20250529_012927_b3024207,BGO_20250529,BGO,2025-05-29 01:29:27.279037,casualinvestor11,"This just seems like an endless decline on no news, anyone got any idea what's happening?",2025-05-29 01:29:27.327,https://www.lse.co.uk/ShareChat.html?ShareTicker=BGO&page=2
BGO_20250529_20250529_012927_e2126bfc,BGO_20250529,BGO,2025-05-29 01:29:27.28197,slowburner,"Good pointBango Web Page Major holders above 3% below, does anybody know if LT are in cahoots with any of the other major holders, this could explain why no TR-1NHN Corporation	10,456,986	13.61%Fidelity Worldwide Investment (FIL)	7,606,349	9.90%Herald Investment Management	7,528,470	9.80%Hargreaves Lansdown PLC	7,186,008	9.35%Raymond Anderson	5,883,054	7.65%Interactive Investor	5,314,075	6.92%West Elk Partners	4,705,620	6.12%Stonehage Fleming Family & Partners	3,006,118	3.91%A J Bell Group	2,386,212	3.11%Anil Malhotra	2,362,848	3.08%",2025-05-29 01:29:27.336,https://www.lse.co.uk/ShareChat.html?ShareTicker=BGO&page=2
BGO_20250529_20250529_012927_84bde759,BGO_20250529,BGO,2025-05-29 01:29:27.282578,wassap,Share price is so disappointing given broker reports over the past two years . Does that mean execution has been too slow? Would welcome a bid to get my investment to breakeven!,2025-05-29 01:29:27.338,https://www.lse.co.uk/ShareChat.html?ShareTicker=BGO&page=2
BGO_20250529_20250529_012927_3951c788,BGO_20250529,BGO,2025-05-29 01:29:27.282731,HenryHistorian,What I find telling and disconcerting is that no senior management members are buying shares at the present level.In the past they would so so.At least senior management has enough skin in the game for them not to want Bango to flounder but at the moment they are not making great efforts either with sending signals to their investor base and to the wider market and as as old on and off Investor I find that disappointing.,2025-05-29 01:29:27.339,https://www.lse.co.uk/ShareChat.html?ShareTicker=BGO&page=2
BGO_20250529_20250529_012927_acbdd175,BGO_20250529,BGO,2025-05-29 01:29:27.283546,sorros,World war three coming so the valuation wont matter,2025-05-29 01:29:27.342,https://www.lse.co.uk/ShareChat.html?ShareTicker=BGO&page=2
HWDN_20250529_20250529_012942_37a8c1d6,HWDN_20250529,HWDN,2025-05-29 01:29:42.824467,AcciesLad,"There‚Äôs not another company in their market sector delivering anything like the growth, margins or ambitions that management are projecting.Disappointing to see large buybacks rather than an improved dividend but there‚Äôs still plenty of room for an upfift in the SP from here",2025-05-29 01:29:48.523,https://www.lse.co.uk/ShareChat.html?ShareTicker=HWDN
HWDN_20250529_20250529_012942_4d27138b,HWDN_20250529,HWDN,2025-05-29 01:29:42.824609,Ronto,Decent rise today on a solid RNS.,2025-05-29 01:29:48.53,https://www.lse.co.uk/ShareChat.html?ShareTicker=HWDN
HWDN_20250529_20250529_012942_98b42cb3,HWDN_20250529,HWDN,2025-05-29 01:29:42.82474,niklol,Downgraded by Jefferies to hold from buy.,2025-05-29 01:29:48.533,https://www.lse.co.uk/ShareChat.html?ShareTicker=HWDN
HWDN_20250529_20250529_012942_67d3ab98,HWDN_20250529,HWDN,2025-05-29 01:29:42.824872,stokie1,Yes being best in class in diffcult times should be better rewarded.,2025-05-29 01:29:48.535,https://www.lse.co.uk/ShareChat.html?ShareTicker=HWDN
HWDN_20250529_20250529_012942_d3deb2b9,HWDN_20250529,HWDN,2025-05-29 01:29:42.825134,Scarfell,The share price drop seems fair enough given flat revenues here despite opening new depots. I'm surprised costs have risen more than they have - explained away in the RNS by efficiencies. Still a profitable business and it must be very tough for others in the same market.  Just need to decide at what price to buy some more - possibly around 750).,2025-05-29 01:29:48.538,https://www.lse.co.uk/ShareChat.html?ShareTicker=HWDN
HWDN_20250529_20250529_012942_92cf5e18,HWDN_20250529,HWDN,2025-05-29 01:29:42.825264,Tompkins,Https://www.ii.co.uk/analysis-commentary/shares-future-top-5-stock-thats-absurdly-cheap-ii534097,2025-05-29 01:29:48.539,https://www.lse.co.uk/ShareChat.html?ShareTicker=HWDN
HWDN_20250529_20250529_012942_2209de51,HWDN_20250529,HWDN,2025-05-29 01:29:42.825394,JBCo,Https://x.com/baroninvestment/status/1864573279836488182great x account for these things before lse opens,2025-05-29 01:29:48.54,https://www.lse.co.uk/ShareChat.html?ShareTicker=HWDN
HWDN_20250529_20250529_012942_4aea773a,HWDN_20250529,HWDN,2025-05-29 01:29:42.826298,Stockpig,"""Howden have set their sights on 1000 UK branches and continue to open sites in Ireland and France so there's plenty of scope for growth.""Agreed. They also announced a move towards selling more than just kitchens",2025-05-29 01:29:48.55,https://www.lse.co.uk/ShareChat.html?ShareTicker=HWDN
HWDN_20250529_20250529_012942_6600b50c,HWDN_20250529,HWDN,2025-05-29 01:29:42.826554,boxthefox,The share has been slipping recently.  Sanderson shares have slumped in recent times also. Housebuilding not happening.  Anyone any views on where this share is going?,2025-05-29 01:29:48.552,https://www.lse.co.uk/ShareChat.html?ShareTicker=HWDN
HWDN_20250529_20250529_012942_3d45a927,HWDN_20250529,HWDN,2025-05-29 01:29:42.826687,Owennoone,Good to see. Now to sustain it,2025-05-29 01:29:48.553,https://www.lse.co.uk/ShareChat.html?ShareTicker=HWDN
HWDN_20250529_20250529_012942_f46e37ac,HWDN_20250529,HWDN,2025-05-29 01:29:42.826813,schjmh,"Read the final report issued on 29.02.24, you will find the dates there on on their website",2025-05-29 01:29:48.555,https://www.lse.co.uk/ShareChat.html?ShareTicker=HWDN
HWDN_20250529_20250529_012942_24a4e53e,HWDN_20250529,HWDN,2025-05-29 01:29:42.82694,boracic,When is the last day for getting shares to get the dividend soon ?.,2025-05-29 01:29:48.556,https://www.lse.co.uk/ShareChat.html?ShareTicker=HWDN
AML_20250529_013558_6df887e1,AML_recent,AML,2025-05-29 01:35:58.681689,livestock,Must have a lot of confidence with more skin in the game,2025-05-29 01:35:58.697,https://www.lse.co.uk/ShareChat.html?ShareTicker=AML
AML_20250529_013558_c982de22,AML_recent,AML,2025-05-29 01:35:58.681901,Dartron,"Just under 200,000 shares. Might help drive the price up, if shorts needed that stock...",2025-05-29 01:35:58.704,https://www.lse.co.uk/ShareChat.html?ShareTicker=AML
AML_20250529_013558_54ebe010,AML_recent,AML,2025-05-29 01:35:58.68205,Vorlich001,Https://www.topgear.com/car-news/supercars/watch-fernando-alonso-rag-new-aston-valhalla-around-monaco,2025-05-29 01:35:58.705,https://www.lse.co.uk/ShareChat.html?ShareTicker=AML
AML_20250529_013558_f9fb5aab,AML_recent,AML,2025-05-29 01:35:58.682181,chesil356,Https://www.instagram.com/stories/astonmartin/3638829670119699760?igsh=MXhxNThzOXJoczhnaA==,2025-05-29 01:35:58.705,https://www.lse.co.uk/ShareChat.html?ShareTicker=AML
AML_20250529_013558_5dd996c0,AML_recent,AML,2025-05-29 01:35:58.682311,Mav1967,I know you berated me for being heavy in BOOM when I bought in here at 64p and had AML as a BUY.Maybe you should look at BOOM. I think they are going to move back to ¬£6 shortlyBut what do I know heh?,2025-05-29 01:35:58.706,https://www.lse.co.uk/ShareChat.html?ShareTicker=AML
AML_20250529_013558_20378ede,AML_recent,AML,2025-05-29 01:35:58.68244,Thor111,"Exactly, I think that this stand-up comedian can soon leave forever to the deepest forest of Africa!",2025-05-29 01:35:58.706,https://www.lse.co.uk/ShareChat.html?ShareTicker=AML
AML_20250529_013558_096ac833,AML_recent,AML,2025-05-29 01:35:58.682569,advocate1973,"Haha remember when the price was increasing and he disappeared like normal, said he could not get signal as he was in Africa..the funniest lie, we were all creasing with laughter!African26",2025-05-29 01:35:58.707,https://www.lse.co.uk/ShareChat.html?ShareTicker=AML
AML_20250529_013558_8937e238,AML_recent,AML,2025-05-29 01:35:58.682709,TomHH,Put a smile on my face reading The Times piece today.  They are effectively patting themselves for the move that's happened here since they called it long.  Now they are calling Mobico a long too.,2025-05-29 01:35:58.707,https://www.lse.co.uk/ShareChat.html?ShareTicker=AML
AML_20250529_013558_9b242c17,AML_recent,AML,2025-05-29 01:35:58.682848,TheAnswerIsNo,How he knows about Africa if not many ID person? Haha! Detective works complete haha!,2025-05-29 01:35:58.708,https://www.lse.co.uk/ShareChat.html?ShareTicker=AML
AML_20250529_013558_5e97e7ce,AML_recent,AML,2025-05-29 01:35:58.682978,c2645sg,Germany:DBX sold 8Bentayga sold 62Purosangue sold 137Urus sold 354Maserati sold 212Cayenne sold 2482,2025-05-29 01:35:58.708,https://www.lse.co.uk/ShareChat.html?ShareTicker=AML
AML_20250529_013558_18609040,AML_recent,AML,2025-05-29 01:35:58.683108,Mukiwa,Yes  you are right and I will not respond to him/her  anymore.Who knows maybe the share price will eventually go back up again and they will disappear for their unpaid holiday to the deepest part of Africa ü§∑,2025-05-29 01:35:58.708,https://www.lse.co.uk/ShareChat.html?ShareTicker=AML
AML_20250529_013558_de885767,AML_recent,AML,2025-05-29 01:35:58.683237,selecta6,"Just block him/her, like most of us have done.His/her survival is based on drawing a response.If starved of replies, his/her oxygen dries up.Then he/her will shove off somewhere else.Then we all win.",2025-05-29 01:35:58.709,https://www.lse.co.uk/ShareChat.html?ShareTicker=AML
AML_20250529_013558_a1558a51,AML_recent,AML,2025-05-29 01:35:58.683618,Stockcompass,"C26, you‚Äôve literally ruined this chat and I‚Äôve tried numerous times to make you see sense but you‚Äôre not going to! That is abundantly clear!It‚Äôs shame but you clearly are a tortured soulBye all time to leave üëãüèª",2025-05-29 01:35:58.71,https://www.lse.co.uk/ShareChat.html?ShareTicker=AML
AML_20250529_013558_2938f8db,AML_recent,AML,2025-05-29 01:35:58.683749,MarkPatrick,"C26: clearly a matter for Mukiwa, but given your previous response to questions asked of you, ‚Äònone of your business‚Äô would be entirely reasonable (as I‚Äôve said  to you before).",2025-05-29 01:35:58.711,https://www.lse.co.uk/ShareChat.html?ShareTicker=AML
AML_20250529_013558_29c3128c,AML_recent,AML,2025-05-29 01:35:58.684148,Jon39,Date	             Broker	                                        Recommendation. 	Old Target	   New Target	      Rating Type19-Feb-25.       JP Morgan Cazenove	        Neutral	                             -	                   160.00	              Reiteration02-May-24	     JP Morgan Cazenove	        Neutral	                        260.00	           225.00	              Reiteration29-Feb-24	     Barclays	                                       Overweight	                        300.00	           300.00	              Reiteration,2025-05-29 01:35:58.712,https://www.lse.co.uk/ShareChat.html?ShareTicker=AML
AML_20250529_013558_9d290c74,AML_recent,AML,2025-05-29 01:35:58.684417,458Ferrari,"Bentley sell more so where's the exclusivity? Buyers in the niche market want exclusivity and that's reflective in the residual values of Bentley compared to Aston. You can get an 10 plate Bentley GT for ¬£12k, you cant get a 10 plate DB9 for anything near that.",2025-05-29 01:35:58.713,https://www.lse.co.uk/ShareChat.html?ShareTicker=AML
AML_20250529_013610_5e97e7ce,AML_recent,AML,2025-05-29 01:36:10.949187,c2645sg,"German auto sales.... year to date 2025, SUV sectorDBX sold 8Bentayga sold 62Purosangue sold 137Urus sold 354Maserati sold 212Cayenne sold 2482",2025-05-29 01:36:10.962,https://www.lse.co.uk/ShareChat.html?ShareTicker=AML&page=2
AML_20250529_013610_9d290c74,AML_recent,AML,2025-05-29 01:36:10.94936,458Ferrari,I agree on the range being the best ever. Look at the new models being released like the Vantage from the chassis dynamics to the interior fit and finish and Aston really are bringing models to the market which are highly competitive.,2025-05-29 01:36:10.965,https://www.lse.co.uk/ShareChat.html?ShareTicker=AML&page=2
AML_20250529_013610_20378ede,AML_recent,AML,2025-05-29 01:36:10.94949,Thor111,Https://www.autocar.co.uk/car-review/aston-martin/vantage-roadster?fbclid=IwY2xjawKaaOhleHRuA2FlbQIxMQABHs8shYVfGSCUfEH7Kdv0a1mEFQ_Yw2SQyIng2bH79x-E5C_vzQy8mMUaEU0o_aem_I4wNUvKYhf44os9Dr8_-HAanother fantastic car in the new range. They had never such good beautiful range ever before.  Current market cap 1% of Ferrari... Surely can go at least to 10%!,2025-05-29 01:36:10.966,https://www.lse.co.uk/ShareChat.html?ShareTicker=AML&page=2
AML_20250529_013610_18609040,AML_recent,AML,2025-05-29 01:36:10.949615,Mukiwa,Surely it is not rocket science? No one can be that stupid to post over 4400 comments on public chat when they are not invested or getting paid to do so. Repeatedly posting AI generated negative sentiment again again. Why? Surely someone is not that stupid to do so?Clown!!,2025-05-29 01:36:10.966,https://www.lse.co.uk/ShareChat.html?ShareTicker=AML&page=2
AML_20250529_013610_9b242c17,AML_recent,AML,2025-05-29 01:36:10.950414,TheAnswerIsNo,They will be needing more casbh very soon and that clear,2025-05-29 01:36:10.968,https://www.lse.co.uk/ShareChat.html?ShareTicker=AML&page=2
AML_20250529_013610_6df887e1,AML_recent,AML,2025-05-29 01:36:10.950539,livestock,"Aston Martin brings the paddock's 'most dangerous weapon' to MonacoAdrian Newey is set to make his first official trackside appearance in Monaco donning British racing green coloured attire, and he'll be there with his notebookhttps://www.gpblog.com/en/news/f1-teams-warned-newey-will-be-at-monaco-gp-with-the-notebook",2025-05-29 01:36:10.969,https://www.lse.co.uk/ShareChat.html?ShareTicker=AML&page=2
AML_20250529_013610_096ac833,AML_recent,AML,2025-05-29 01:36:10.950664,advocate1973,"Do you think so, the sign of a man scorned because he (by his own admission as shown by AML) has lost a truck load of money and is very bitter. Fishing with dynamite!Have a great day all.I bet you all the phrase ""cash raise"" is mentioned today.....",2025-05-29 01:36:10.969,https://www.lse.co.uk/ShareChat.html?ShareTicker=AML&page=2
AML_20250529_013610_f9fb5aab,AML_recent,AML,2025-05-29 01:36:10.951057,chesil356,"Advocate, I think you must have touched a nerve!!",2025-05-29 01:36:10.97,https://www.lse.co.uk/ShareChat.html?ShareTicker=AML&page=2
AML_20250529_013620_096ac833,AML_recent,AML,2025-05-29 01:36:20.731972,advocate1973,"You do not bring anything to the board apart from misery. No one values your word and you have been proved wrong many times, and you let your ID slip and were caught out in a beautiful fashion!Sun is out, enjoy and see a cash raise therapist. Been saying this for over a year and it has not happened.",2025-05-29 01:36:20.745,https://www.lse.co.uk/ShareChat.html?ShareTicker=AML&page=3
AML_20250529_013620_5e97e7ce,AML_recent,AML,2025-05-29 01:36:20.732128,c2645sg,"Swiss, how long will the 125m cash raised last week last AML?",2025-05-29 01:36:20.748,https://www.lse.co.uk/ShareChat.html?ShareTicker=AML&page=3
AML_20250529_013620_a62b6499,AML_recent,AML,2025-05-29 01:36:20.732407,Son_of_Swiss,"Hey Tim, thanks for the heads up.Utter buffoonery fitting the wrong bloody screws.I‚Äôve had enough of these Aston Martin cowboys. I‚Äôm selling up. What a waste of time!No idea how people would manage without experts like your self giving up so much of you time, every hour of every day it seems, helping us.You are a saint! Thank you. üôèüèªü§¨",2025-05-29 01:36:20.749,https://www.lse.co.uk/ShareChat.html?ShareTicker=AML&page=3
AML_20250529_013620_6d3a2daa,AML_recent,AML,2025-05-29 01:36:20.732668,2slow2know,Newey is NOT working on any part of this ears car! He is 100% working on next years.,2025-05-29 01:36:20.75,https://www.lse.co.uk/ShareChat.html?ShareTicker=AML&page=3
AML_20250529_013620_bebc74e8,AML_recent,AML,2025-05-29 01:36:20.732941,LIBERTY2,"Hope you‚Äôve had an enjoyable afternoon C26.- Im retrospect, I know very little about most of the 7,000+ companies I am ‚Äòinvested‚Äô in, thankfully its a long proven method and has been a successful strategy to build wealth over the years I have partaken in it.- I offered no advice related to Aston Martin, for which you could ignore.  Unsure how your previous price predictions tie-in to a benign suggestion that you may want to look out the window and live a little.- very important for the stock market to have bears and bulls, without these it stops working.  I haven‚Äôt studied them in detail, but what I have seen of your posts they seem to be fairly factual which is great, albeit with a strong negative bias, which is also fine, you are entitled to your opinion.The concerning point for an unemotional bystander is the sheer unrelenting obsession displayed, some would consider this worthy of intervention (if C26s‚Äô wife, family or friends are reading, could be time).Also quite concerning a grown man using the term ‚Äòhehe‚Äô, but you did give me a laugh, thank you.So overall from my perspective it has been a relatively factual and humorous experience from your last few posts, albeit with continued concern for your mental health.  Certainly no filter required.I‚Äôll check back in in a month or two and see how the psychology has developed.All the best folks.",2025-05-29 01:36:20.75,https://www.lse.co.uk/ShareChat.html?ShareTicker=AML&page=3
AML_20250529_013620_7c9d4760,AML_recent,AML,2025-05-29 01:36:20.733737,Vanquished,Looks like Newey has made the Aston average again.,2025-05-29 01:36:20.752,https://www.lse.co.uk/ShareChat.html?ShareTicker=AML&page=3
AML_20250529_013620_2f4bcdfd,AML_recent,AML,2025-05-29 01:36:20.734281,TinyPie2,"You do you stockcompass, but this board was destroyed long ago by a poison which is still here and should be removed, its hell bent on talking aml down no matter what happens, has a total unbalanced view and is not interested in actually discussing the business and the future in a realistic way. It just trys to shout louder and longer than anyone else until normal people just can't be a#sed anymore.",2025-05-29 01:36:20.753,https://www.lse.co.uk/ShareChat.html?ShareTicker=AML&page=3
AML_20250529_013620_a1558a51,AML_recent,AML,2025-05-29 01:36:20.734406,Stockcompass,"Ladies and gents, let‚Äôs not go down this road again of attacking each other on this forum!It was working very well temporarily I might add just having normal conversations and insights that‚Äôs relevant!We don‚Äôt need previous comments we‚Äôve made in the past brought up and smothering repeatedly cash raises C26 I thought we came past this!There‚Äôs no need to dig at each other, if there are cases of this just ignore and be the bigger person‚Ä¶.Just keep the forum like it should be thoughts and news positive or negative.Hopefully this can happen & hope you all are having a great weekend üëçüèª",2025-05-29 01:36:20.753,https://www.lse.co.uk/ShareChat.html?ShareTicker=AML&page=3
AML_20250529_013620_6df887e1,AML_recent,AML,2025-05-29 01:36:20.73491,livestock,Https://youtu.be/k_RH56KMvNA?si=CiZaSDmDhTFPlIlP,2025-05-29 01:36:20.755,https://www.lse.co.uk/ShareChat.html?ShareTicker=AML&page=3
AML_20250529_013620_20378ede,AML_recent,AML,2025-05-29 01:36:20.735056,Thor111,"Spreading false information again, sales are under 'Sonstigen'. Or you really think they only sell the DBX in Germany.  Btw it's the medical car in F1, not the safety car.Maybe you better like these sales results?https://www.febiac.be/sites/default/files/media/file/2025-04/2503_Cars%20by%20make.pdf",2025-05-29 01:36:20.755,https://www.lse.co.uk/ShareChat.html?ShareTicker=AML&page=3
AML_20250529_013631_9b242c17,AML_recent,AML,2025-05-29 01:36:31.36997,TheAnswerIsNo,AIM tank incoming haha!,2025-05-29 01:36:31.384,https://www.lse.co.uk/ShareChat.html?ShareTicker=AML&page=4
AML_20250529_013631_f13e4381,AML_recent,AML,2025-05-29 01:36:31.370151,johnpwh,"Pretty sure I owned some of these for a time, but couldn't feel comfortable so sold.Think the October 2018 re launch was 228 million shares at about ¬£40? Now 1 billion at",2025-05-29 01:36:31.388,https://www.lse.co.uk/ShareChat.html?ShareTicker=AML&page=4
AML_20250529_013631_5e97e7ce,AML_recent,AML,2025-05-29 01:36:31.370296,c2645sg,"MarkPatrickPosted in: AMLPosts: 373Price: 106.40No OpinionRE: Rights Issue.20 Oct 2022 16:51C26: thank you for sharing your predictions for the next year. Let‚Äôs see! On your other point, it‚Äôs self-evident that the opinion you shared on the decline of the SP proved to be correct, although I‚Äôm not sure whose opinion it was (yours or analysts who direct your team‚Äôs posts) or what different opinions you‚Äôve expressed using other pseudonyms. I hope you feel a bit more valued now.",2025-05-29 01:36:31.389,https://www.lse.co.uk/ShareChat.html?ShareTicker=AML&page=4
AML_20250529_013631_2938f8db,AML_recent,AML,2025-05-29 01:36:31.370562,MarkPatrick,"After the abusive response that you (or one of your colleagues) inflicted upon me when I shared information about what I had seen in the Valkyrie assembly area in the factory, I decided I couldn't be ar5ed to offer anything up again here (like lots of other people who previously shared information and have since moved on) but I will persist in asking you questions when I'm minded to do so. Completely counter-productive behaviour by you - you use channels such as this to attempt to impact sentiment and then destroy the channel with your arrogance thereby eroding its utility for you. We all know what you are. Bye for now.",2025-05-29 01:36:31.39,https://www.lse.co.uk/ShareChat.html?ShareTicker=AML&page=4
AML_20250529_013631_20378ede,AML_recent,AML,2025-05-29 01:36:31.372079,Thor111,He will sell at the price of your last buy... Around 20 GBP wasn't it?,2025-05-29 01:36:31.394,https://www.lse.co.uk/ShareChat.html?ShareTicker=AML&page=4
AML_20250529_013631_a62b6499,AML_recent,AML,2025-05-29 01:36:31.3725,Son_of_Swiss,Us!!!PMSL ü§£ ü§£ü§£ü§£ü§£,2025-05-29 01:36:31.395,https://www.lse.co.uk/ShareChat.html?ShareTicker=AML&page=4
AML_20250529_013631_a1558a51,AML_recent,AML,2025-05-29 01:36:31.372771,Stockcompass,Sorry I meant to say 1.22%,2025-05-29 01:36:31.396,https://www.lse.co.uk/ShareChat.html?ShareTicker=AML&page=4
AML_20250529_013631_5dd996c0,AML_recent,AML,2025-05-29 01:36:31.373066,Mav1967,I‚Äôm sue loads of people topped up.I got in at 64p posted on here when it was 63p and you slated me.I‚Äôm happy with my holding as it stands.,2025-05-29 01:36:31.397,https://www.lse.co.uk/ShareChat.html?ShareTicker=AML&page=4
AML_20250529_013631_467a3a17,AML_recent,AML,2025-05-29 01:36:31.373205,Orange7,"If Aston Martin has secured 1,000 orders for the Vanquish and approximately 200 for the Valhalla, both scheduled for delivery in 2025. These high-value models alone are expected to generate revenue around ¬£600 million.When combined with anticipated sales from the broader vehicle portfolio, total revenue for 2025 is logically projected to surpass the ¬£1.58 billion reported in 2024.Importantly, most expensive and exclusive models are slated for release in the second half of 2025. This back-weighted product mix is expected to significantly enhance average selling prices (ASPs) and overall revenue performance .",2025-05-29 01:36:31.397,https://www.lse.co.uk/ShareChat.html?ShareTicker=AML&page=4
AML_20250529_013631_29c3128c,AML_recent,AML,2025-05-29 01:36:31.373354,Jon39,"I think I can say with certainty, that if your own business has been trading for 25 years, it must have become a profitable venture, otherwise it would have run out of cash.  Aston Martin is quite a different and unique business, because although it has been trading for 112 years, it has almost never reported a pre-tax profit.  The continual problem being spending has always exceeded income, but each time cash becomes a problem more is obtained, either as at present by issuing more shares, or in the past by being rescued by enthusiastic wealthy saviours.  Serious investors want steady, continuous growing earnings, to provide an opportunity of producing a positive return on their investment.With Aston Martin, it has been more rewarding to own one of their cars, than own part of the business.  You can now find extremely well cared for Vantages or DB9s, for very tempting prices.  Those are 'end of era' drivers cars, the like of which are no longer allowed to be built.",2025-05-29 01:36:31.398,https://www.lse.co.uk/ShareChat.html?ShareTicker=AML&page=4
AML_20250529_013641_5e97e7ce,AML_recent,AML,2025-05-29 01:36:41.049872,c2645sg,"Of course you topped up at the bottom, everyone else on here did too, amazing skillsI wonder why no-one mentioned it. Post a screen shot of the buy in your trading account to prove it.Looking forward to seeing it.",2025-05-29 01:36:41.061,https://www.lse.co.uk/ShareChat.html?ShareTicker=AML&page=5
AML_20250529_013641_7e69e2cf,AML_recent,AML,2025-05-29 01:36:41.050184,Lucky2022,"FYI,In terms of a top up‚Ä¶I filled my boots at 60 pence! I have no more space left in my boots!",2025-05-29 01:36:41.063,https://www.lse.co.uk/ShareChat.html?ShareTicker=AML&page=5
AML_20250529_013641_20378ede,AML_recent,AML,2025-05-29 01:36:41.051303,Thor111,"-> ""The market has totally changed, as have the prospects for luxury car brands. In our price bracket, there are around four times more people, each with around four times more wealth, than there were 20 years ago.‚Äô",2025-05-29 01:36:41.066,https://www.lse.co.uk/ShareChat.html?ShareTicker=AML&page=5
AML_20250529_013641_6df887e1,AML_recent,AML,2025-05-29 01:36:41.051973,livestock,Https://www.carmagazine.co.uk/car-news/industry-news/aston-martin/profitable-aston-martin/,2025-05-29 01:36:41.068,https://www.lse.co.uk/ShareChat.html?ShareTicker=AML&page=5
BGO_20250529_013805_2355cc3e,BGO_recent,BGO,2025-05-29 01:38:05.019639,Morbox,"Wow, only I've bought this morning. last added at 78p in march, so just added a few more.",2025-05-29 01:38:05.062,https://www.lse.co.uk/ShareChat.html?ShareTicker=BGO
BGO_20250529_013805_94f9ad0e,BGO_recent,BGO,2025-05-29 01:38:05.019827,Spacerat,Must be moving to a 31 March reference date?  Would make sense given current sales weighting and the current seasonal end.  Would greatly improve transparency imo.,2025-05-29 01:38:05.066,https://www.lse.co.uk/ShareChat.html?ShareTicker=BGO
BGO_20250529_013805_05242e86,BGO_recent,BGO,2025-05-29 01:38:05.019957,iWantThatOne,"My understanding is that AIM companies have six months to publish their report and accounts, so it‚Äôs not yet overdue.  Definitely unusual for them to be this late, though.On a related topic, the US dollar‚Äôs depreciation this year will cause disruption to this year‚Äôs figures. Down 8% vs GBP year to date, this‚Äôll make BGO‚Äôs cost base look higher in dollar terms. On the other side, the Japanese yen and some other currencies are also stronger than the dollar by about the same amount, so that will boost revenue in dollar terms and provide some mitigation.",2025-05-29 01:38:05.066,https://www.lse.co.uk/ShareChat.html?ShareTicker=BGO
BGO_20250529_013805_e01d5775,BGO_recent,BGO,2025-05-29 01:38:05.020083,Monty888,It‚Äôs always concerning when results are 2 months late and counting and no announcement even of the date they will be released. I am aware there are time limits and rules on late audited results required RNS‚Äôs. I think it‚Äôs 3 months and a reason must be stated. I suspect they are not following rules regarding compliant revenue recognition or some sort of write down or provisions that are flakey. Doesn‚Äôt bode well to me that we hav e delays without communications. Hope I‚Äôm totally off the mark with my concerns.,2025-05-29 01:38:05.067,https://www.lse.co.uk/ShareChat.html?ShareTicker=BGO
BGO_20250529_013805_30e51919,BGO_recent,BGO,2025-05-29 01:38:05.020396,Troajan,Https://www.proactiveinvestors.co.uk/companies/news/1071622/bango-expands-us-reach-for-its-dvm-in-licencing-deal-with-optimum.html,2025-05-29 01:38:05.068,https://www.lse.co.uk/ShareChat.html?ShareTicker=BGO
BGO_20250529_013805_65666392,BGO_recent,BGO,2025-05-29 01:38:05.020809,pensioner167,"Bango has started to give a monthly Bytesize presentation. The last one at the end of April was about technical issues. At the end of this presentation Bango's Benjamin Caveen made a brief appearance. He recommended that people tun in to the presentation at the end of May. His words were 'We have got something special , hopefully'. The words 'something special' implies a significant development. The word 'hopefully' implies that this is a positive development. I think this significant development is the reason for the delay.",2025-05-29 01:38:05.069,https://www.lse.co.uk/ShareChat.html?ShareTicker=BGO
BGO_20250529_013805_86a3c03d,BGO_recent,BGO,2025-05-29 01:38:05.020934,CountryYokel,"Thought they would have been published by now or at least a notice of when they would be - 8th April and 24th April last year.  While we know from the trading update in January what these will roughly be was hoping they would include an update on 2025 trading given we are 5 months in.  Anyone know when they will be published or the reason for the delay - hopefully no audit issues and there is a logical explanation for the delay, takeover says he speculating!  CY",2025-05-29 01:38:05.07,https://www.lse.co.uk/ShareChat.html?ShareTicker=BGO
BGO_20250529_013805_624c3e22,BGO_recent,BGO,2025-05-29 01:38:05.021312,Stuartrm,"I am not sure where they get their figures from but the 2-8 May 2025 of the IC has the following earnings per share estimates:3 months ago 3.4p1 month ago 3.6pNext 12 months 2.2pThis seems odd, given the recent increase in the share price.  The share price at the time of publication was 81p.",2025-05-29 01:38:05.071,https://www.lse.co.uk/ShareChat.html?ShareTicker=BGO
BGO_20250529_013805_3f330283,BGO_recent,BGO,2025-05-29 01:38:05.021438,Misterh,Probably routed through a different trading venue such as Aquis.,2025-05-29 01:38:05.072,https://www.lse.co.uk/ShareChat.html?ShareTicker=BGO
BGO_20250529_013805_80c01764,BGO_recent,BGO,2025-05-29 01:38:05.021566,HowSoonisNowNow,Could anyone suggest why my purchase this morning is not shown?,2025-05-29 01:38:05.072,https://www.lse.co.uk/ShareChat.html?ShareTicker=BGO
BGO_20250529_013805_4d27138b,BGO_recent,BGO,2025-05-29 01:38:05.021824,Ronto,That's huge increase on ......no news,2025-05-29 01:38:05.073,https://www.lse.co.uk/ShareChat.html?ShareTicker=BGO
BGO_20250529_013805_5ddeedbb,BGO_recent,BGO,2025-05-29 01:38:05.022071,Couerdelion,Not sure what's driving the price here. 10% increase on a fairly modest volume of trades.,2025-05-29 01:38:05.074,https://www.lse.co.uk/ShareChat.html?ShareTicker=BGO
BGO_20250529_013805_5d0c0c23,BGO_recent,BGO,2025-05-29 01:38:05.022441,amuhith,"Last year, notice of result was issued on 25/3/24 and the result on 8/4/24.What's happening this rear Bango?",2025-05-29 01:38:05.075,https://www.lse.co.uk/ShareChat.html?ShareTicker=BGO
BGO_20250529_013815_94f9ad0e,BGO_recent,BGO,2025-05-29 01:38:15.93286,Spacerat,Boku now valued at x 8.5!!!!,2025-05-29 01:38:15.977,https://www.lse.co.uk/ShareChat.html?ShareTicker=BGO&page=2
BGO_20250529_013815_05242e86,BGO_recent,BGO,2025-05-29 01:38:15.933067,iWantThatOne,"I think we need a statement on how the current environment is expected to affect the company. Certainly a recession could affect people buying goods using DCB or taking out subs - but does this warrant the drop we‚Äôve seen? What about potential tariffs on Amazon physical goods in Japan, or other? Just dunno.",2025-05-29 01:38:15.984,https://www.lse.co.uk/ShareChat.html?ShareTicker=BGO&page=2
BGO_20250529_013815_b3024207,BGO_recent,BGO,2025-05-29 01:38:15.933521,casualinvestor11,"This just seems like an endless decline on no news, anyone got any idea what's happening?",2025-05-29 01:38:15.987,https://www.lse.co.uk/ShareChat.html?ShareTicker=BGO&page=2
BGO_20250529_013815_e2126bfc,BGO_recent,BGO,2025-05-29 01:38:15.935065,slowburner,"Good pointBango Web Page Major holders above 3% below, does anybody know if LT are in cahoots with any of the other major holders, this could explain why no TR-1NHN Corporation	10,456,986	13.61%Fidelity Worldwide Investment (FIL)	7,606,349	9.90%Herald Investment Management	7,528,470	9.80%Hargreaves Lansdown PLC	7,186,008	9.35%Raymond Anderson	5,883,054	7.65%Interactive Investor	5,314,075	6.92%West Elk Partners	4,705,620	6.12%Stonehage Fleming Family & Partners	3,006,118	3.91%A J Bell Group	2,386,212	3.11%Anil Malhotra	2,362,848	3.08%",2025-05-29 01:38:15.991,https://www.lse.co.uk/ShareChat.html?ShareTicker=BGO&page=2
BGO_20250529_013815_84bde759,BGO_recent,BGO,2025-05-29 01:38:15.935476,wassap,Share price is so disappointing given broker reports over the past two years . Does that mean execution has been too slow? Would welcome a bid to get my investment to breakeven!,2025-05-29 01:38:15.992,https://www.lse.co.uk/ShareChat.html?ShareTicker=BGO&page=2
BGO_20250529_013815_3951c788,BGO_recent,BGO,2025-05-29 01:38:15.935615,HenryHistorian,What I find telling and disconcerting is that no senior management members are buying shares at the present level.In the past they would so so.At least senior management has enough skin in the game for them not to want Bango to flounder but at the moment they are not making great efforts either with sending signals to their investor base and to the wider market and as as old on and off Investor I find that disappointing.,2025-05-29 01:38:15.993,https://www.lse.co.uk/ShareChat.html?ShareTicker=BGO&page=2
BGO_20250529_013815_acbdd175,BGO_recent,BGO,2025-05-29 01:38:15.936151,sorros,World war three coming so the valuation wont matter,2025-05-29 01:38:15.995,https://www.lse.co.uk/ShareChat.html?ShareTicker=BGO&page=2
BGO_20250529_013825_05242e86,BGO_recent,BGO,2025-05-29 01:38:25.427098,iWantThatOne,Now trading at 5.4x historic EBITDA and 4.7x forward EBITDA. Seems crazy.,2025-05-29 01:38:25.44,https://www.lse.co.uk/ShareChat.html?ShareTicker=BGO&page=3
BGO_20250529_013825_94f9ad0e,BGO_recent,BGO,2025-05-29 01:38:25.427448,Spacerat,More of a sales thing really.   All going well until we look at the low bar forecasts.  My 5 year old has more stretching targets.,2025-05-29 01:38:25.446,https://www.lse.co.uk/ShareChat.html?ShareTicker=BGO&page=3
BGO_20250529_013825_65666392,BGO_recent,BGO,2025-05-29 01:38:25.427587,pensioner167,The presentation yesterday highlighted improvements in the DVM which will speed up and simplify the implementation of Bundles.https://www.linkedin.com/events/bytesize-dvmpower-up-bangocpore7297304691556646913/theater/It should increase sales which makes the low 2025 and 2026 forecasts look eve more ridiculous.,2025-05-29 01:38:25.447,https://www.lse.co.uk/ShareChat.html?ShareTicker=BGO&page=3
BGO_20250529_013825_5ddeedbb,BGO_recent,BGO,2025-05-29 01:38:25.427725,Couerdelion,"FWIW, was the news yesterday anything more than they were presenting in last year in their strategy for DVM?",2025-05-29 01:38:25.448,https://www.lse.co.uk/ShareChat.html?ShareTicker=BGO&page=3
BGO_20250529_013825_e2126bfc,BGO_recent,BGO,2025-05-29 01:38:25.427993,slowburner,"The problem with the news yesterday they gave no details on the business model or forecast on how, when and how much cash they expect it to generate and what further investment will be needed so as usual with Bango it ends up a guessing gameThat said if it cracks the subscription bundling market it‚Äôs sky‚Äôs the limitTime will tell",2025-05-29 01:38:25.449,https://www.lse.co.uk/ShareChat.html?ShareTicker=BGO&page=3
BGO_20250529_013825_4d27138b,BGO_recent,BGO,2025-05-29 01:38:25.428272,Ronto,And the SP drops again on this good news. Weird.,2025-05-29 01:38:25.45,https://www.lse.co.uk/ShareChat.html?ShareTicker=BGO&page=3
BGO_20250529_013825_2b896843,BGO_recent,BGO,2025-05-29 01:38:25.428426,Loustouyt,Bango Launches First All-in-One Super Bundling Technology for Subscription Hubs | BGOPF Stock Newshttps://www.stocktitan.net/news/BGOPF/bango-launches-world-s-first-all-in-one-super-bundling-zycthyv2h83r.html,2025-05-29 01:38:25.45,https://www.lse.co.uk/ShareChat.html?ShareTicker=BGO&page=3
BGO_20250529_013825_a05d3678,BGO_recent,BGO,2025-05-29 01:38:25.430143,Paradisewanted,"CFO has great incentive to deliver big for shareholders. He‚Äôs been granted 100,000 shares.He‚Äôs Only going to get these if he delivers - can‚Äôt imagine why he won‚Äôt.",2025-05-29 01:38:25.454,https://www.lse.co.uk/ShareChat.html?ShareTicker=BGO&page=3
BGO_20250529_013825_b3024207,BGO_recent,BGO,2025-05-29 01:38:25.430397,casualinvestor11,What is happening do with think this is hedge funds selling or private investors?,2025-05-29 01:38:25.455,https://www.lse.co.uk/ShareChat.html?ShareTicker=BGO&page=3
BGO_20250529_013835_94f9ad0e,BGO_recent,BGO,2025-05-29 01:38:35.322905,Spacerat,"Yep,  all  good.   Bargain basement share price even on Singers naff forecasts.",2025-05-29 01:38:35.336,https://www.lse.co.uk/ShareChat.html?ShareTicker=BGO&page=4
BGO_20250529_013835_41ed1fc6,BGO_recent,BGO,2025-05-29 01:38:35.323099,NMH21,An excellent interview - with a lot more upside to come - Whilst its never a good idea to fall in love with the broker forecast - the fact that the average SP valuation for the two analysts is 230p (ish) is good.GLA,2025-05-29 01:38:35.339,https://www.lse.co.uk/ShareChat.html?ShareTicker=BGO&page=4
BGO_20250529_013835_30e51919,BGO_recent,BGO,2025-05-29 01:38:35.32324,Troajan,Https://www.proactiveinvestors.co.uk/companies/news/1064757/bango-ceo-on-2024-milestones-and-growth-ahead-1064757.html,2025-05-29 01:38:35.34,https://www.lse.co.uk/ShareChat.html?ShareTicker=BGO&page=4
BGO_20250529_013835_65666392,BGO_recent,BGO,2025-05-29 01:38:35.323381,pensioner167,Marisa Teh was headhunted by Bango. She is a high flyer with a Masters Degree in Business Admin from the Judge Institute (part of the University of Cambridge). She joined Bango three months ago.https://bango.com/bango/people/marisa-teh/https://bango.com/my-first-100-days-at-bango/Anil has reached an age where he is probably thinking about retiring. He is 63 in February.,2025-05-29 01:38:35.341,https://www.lse.co.uk/ShareChat.html?ShareTicker=BGO&page=4
BGO_20250529_013835_05242e86,BGO_recent,BGO,2025-05-29 01:38:35.323653,iWantThatOne,"Boku is focused on alternative payment methods now rather than DCB alone, and has no DVM-type proposition. It is quite a different beast from Bango.Pensioner, who is the person you think might replace Anil, and why?",2025-05-29 01:38:35.344,https://www.lse.co.uk/ShareChat.html?ShareTicker=BGO&page=4
BGO_20250529_013835_4d27138b,BGO_recent,BGO,2025-05-29 01:38:35.324035,Ronto,Yeah. Strange drop in share price considering the results.,2025-05-29 01:38:35.346,https://www.lse.co.uk/ShareChat.html?ShareTicker=BGO&page=4
BGO_20250529_013835_b3024207,BGO_recent,BGO,2025-05-29 01:38:35.324169,casualinvestor11,"Another 5:1 sell to buy ratio today, can't really understand why with positive results?",2025-05-29 01:38:35.347,https://www.lse.co.uk/ShareChat.html?ShareTicker=BGO&page=4
BGO_20250529_013835_84bde759,BGO_recent,BGO,2025-05-29 01:38:35.324303,wassap,Hi anybody have link to the report? Some 3 years ago the price target was over ¬£2 so will be useful to understand the drivers. Is BGO late in executing and delivering?,2025-05-29 01:38:35.348,https://www.lse.co.uk/ShareChat.html?ShareTicker=BGO&page=4
BGO_20250529_013835_c3199612,BGO_recent,BGO,2025-05-29 01:38:35.325293,PrivatePunter,"Glad it was of use. I do think the cash position will be ok, as they say, they also have the Barclays facility if needed.The issue for me, is more of demonstrating the delivery on numbers and consistency, something that has clearly been lacking, particularly last year.It also doesn't help with two brokers applying different methods or recognition on earnings and expenditure to arrive at their projected numbers. That leaves investors scratching their heads to a degree and having to dissect the numbers.At the end of the day though, it will all be about the cash generation and a clear demonstration on that.I'm sticking with it, as I do believe there is huge potential ahead on the DVM aspect whilst the DCB will keep doing what it is doing.",2025-05-29 01:38:35.349,https://www.lse.co.uk/ShareChat.html?ShareTicker=BGO&page=4
BGO_20250529_013835_5ddeedbb,BGO_recent,BGO,2025-05-29 01:38:35.325472,Couerdelion,A very helpful note PP. I'm guessing you think there is a fair bit more upside here than the 100% suggested by the broker price targets.Are you reasonably comfortable with the company claims that the cash position is sound? Presumably the risk of a cash raise is the main weight holding down the SP.,2025-05-29 01:38:35.349,https://www.lse.co.uk/ShareChat.html?ShareTicker=BGO&page=4
BGO_20250529_013835_8e7290c4,BGO_recent,BGO,2025-05-29 01:38:35.326196,bigpunt,Telling the market that DVM is in a market leading position (not sure if they are basing that on $17.2m or $14m recurring revenue) is not really a positive unless they inform us of market size and the growth trajectory.  Good results but poor wording,2025-05-29 01:38:35.351,https://www.lse.co.uk/ShareChat.html?ShareTicker=BGO&page=4
BGO_20250529_013835_a355b5fe,BGO_recent,BGO,2025-05-29 01:38:35.32634,Bughunter,"Underwhelming for me. What with the special events in H2 and customers moving through the tiers, DVM figure was less than I was hoping for. What is holding it back I wonder.",2025-05-29 01:38:35.351,https://www.lse.co.uk/ShareChat.html?ShareTicker=BGO&page=4
BGO_20250529_013835_a05d3678,BGO_recent,BGO,2025-05-29 01:38:35.326625,Paradisewanted,Bango Plc receives Investment Bank Analyst Rating Update this morning.Does anyone know what this rating is?,2025-05-29 01:38:35.352,https://www.lse.co.uk/ShareChat.html?ShareTicker=BGO&page=4
BGO_20250529_013844_6124d987,BGO_recent,BGO,2025-05-29 01:38:44.187267,oxygen,"No complaints from me on that update which should underpin the SP, plus an interesting tie up with Continente in Portugal, the Retail sector.",2025-05-29 01:38:44.203,https://www.lse.co.uk/ShareChat.html?ShareTicker=BGO&page=5
BGO_20250529_013844_05242e86,BGO_recent,BGO,2025-05-29 01:38:44.187442,iWantThatOne,"EBITDA up 137%, continued good growth across both transactional payments and DVM, net debt almost down to zero‚Ä¶.looking good.",2025-05-29 01:38:44.206,https://www.lse.co.uk/ShareChat.html?ShareTicker=BGO&page=5
BGO_20250529_013844_719bdec7,BGO_recent,BGO,2025-05-29 01:38:44.187586,ChrisP1234,Fingers crossed ü§û,2025-05-29 01:38:44.207,https://www.lse.co.uk/ShareChat.html?ShareTicker=BGO&page=5
BGO_20250529_013844_a05d3678,BGO_recent,BGO,2025-05-29 01:38:44.187729,Paradisewanted,"Me neither but I suspect casualinvestor is right. I think last year we had an update on 18th January so can‚Äôt be far off.Could be this Friday or Monday - let‚Äôs see.Slight positive numbers, good future outlook and no debt increase should explode this to decent north trajectory.",2025-05-29 01:38:44.208,https://www.lse.co.uk/ShareChat.html?ShareTicker=BGO&page=5
BGO_20250529_013844_b3024207,BGO_recent,BGO,2025-05-29 01:38:44.188006,casualinvestor11,I believe it's been confirmed for 17th January,2025-05-29 01:38:44.21,https://www.lse.co.uk/ShareChat.html?ShareTicker=BGO&page=5
BGO_20250529_013844_3951c788,BGO_recent,BGO,2025-05-29 01:38:44.188286,HenryHistorian,@Paradisewanted: I really don't believe that West Elk know something that we don't know.... Bango is a company with integrity so I don't think they will disclose information that is market sensitiv/moving to outsiders...I just think that the market completely overreacted in January 2024 and now needs some concrete reassurance - once we have this I look forward to seeing 130p and 150p later this year...,2025-05-29 01:38:44.211,https://www.lse.co.uk/ShareChat.html?ShareTicker=BGO&page=5
BGO_20250529_013844_94f9ad0e,BGO_recent,BGO,2025-05-29 01:38:44.189146,Spacerat,"Friday‚Äôs good, clearly too busy to interrupt the working week.  Will give the Sunday papers something to recommend.",2025-05-29 01:38:44.213,https://www.lse.co.uk/ShareChat.html?ShareTicker=BGO&page=5
BGO_20250529_013844_e2126bfc,BGO_recent,BGO,2025-05-29 01:38:44.189283,slowburner,"Thanks for the link, not a fan of Friday for TU'sNot sure why Bango cannot put the TU date on their investor web page if this is already fixed",2025-05-29 01:38:44.214,https://www.lse.co.uk/ShareChat.html?ShareTicker=BGO&page=5
BGO_20250529_013844_8dd3808c,BGO_recent,BGO,2025-05-29 01:38:44.189553,twilkins,Https://www.finncap.com/tech-hub/calendar/bango-plc-fy24-trading-update=> 17/01/2025,2025-05-29 01:38:44.214,https://www.lse.co.uk/ShareChat.html?ShareTicker=BGO&page=5
BGO_20250529_013844_30e51919,BGO_recent,BGO,2025-05-29 01:38:44.189963,Troajan,Https://www.proactiveinvestors.co.uk/companies/news/1063409/bango-s-disney-partnership-in-portugal-explained-icymi-1063409.html,2025-05-29 01:38:44.215,https://www.lse.co.uk/ShareChat.html?ShareTicker=BGO&page=5
BGO_20250529_013844_bd0deb43,BGO_recent,BGO,2025-05-29 01:38:44.190378,yugi,"Looking at the Continente website, the Disney offer is in the main bannerhttps://www.continente.pt/So they are pushing it. Let's hope it works. If it does, maybe Tesco's will come knocking.... LOL",2025-05-29 01:38:44.216,https://www.lse.co.uk/ShareChat.html?ShareTicker=BGO&page=5
HWDN_20250529_013851_37a8c1d6,HWDN_recent,HWDN,2025-05-29 01:38:51.403681,AcciesLad,"There‚Äôs not another company in their market sector delivering anything like the growth, margins or ambitions that management are projecting.Disappointing to see large buybacks rather than an improved dividend but there‚Äôs still plenty of room for an upfift in the SP from here",2025-05-29 01:38:51.422,https://www.lse.co.uk/ShareChat.html?ShareTicker=HWDN
HWDN_20250529_013851_4d27138b,HWDN_recent,HWDN,2025-05-29 01:38:51.403878,Ronto,Decent rise today on a solid RNS.,2025-05-29 01:38:51.424,https://www.lse.co.uk/ShareChat.html?ShareTicker=HWDN
HWDN_20250529_013851_98b42cb3,HWDN_recent,HWDN,2025-05-29 01:38:51.404041,niklol,Downgraded by Jefferies to hold from buy.,2025-05-29 01:38:51.425,https://www.lse.co.uk/ShareChat.html?ShareTicker=HWDN
HWDN_20250529_013851_67d3ab98,HWDN_recent,HWDN,2025-05-29 01:38:51.404226,stokie1,Yes being best in class in diffcult times should be better rewarded.,2025-05-29 01:38:51.427,https://www.lse.co.uk/ShareChat.html?ShareTicker=HWDN
HWDN_20250529_013851_d3deb2b9,HWDN_recent,HWDN,2025-05-29 01:38:51.404515,Scarfell,The share price drop seems fair enough given flat revenues here despite opening new depots. I'm surprised costs have risen more than they have - explained away in the RNS by efficiencies. Still a profitable business and it must be very tough for others in the same market.  Just need to decide at what price to buy some more - possibly around 750).,2025-05-29 01:38:51.428,https://www.lse.co.uk/ShareChat.html?ShareTicker=HWDN
HWDN_20250529_013851_92cf5e18,HWDN_recent,HWDN,2025-05-29 01:38:51.404648,Tompkins,Https://www.ii.co.uk/analysis-commentary/shares-future-top-5-stock-thats-absurdly-cheap-ii534097,2025-05-29 01:38:51.429,https://www.lse.co.uk/ShareChat.html?ShareTicker=HWDN
HWDN_20250529_013851_2209de51,HWDN_recent,HWDN,2025-05-29 01:38:51.40478,JBCo,Https://x.com/baroninvestment/status/1864573279836488182great x account for these things before lse opens,2025-05-29 01:38:51.429,https://www.lse.co.uk/ShareChat.html?ShareTicker=HWDN
HWDN_20250529_013851_4aea773a,HWDN_recent,HWDN,2025-05-29 01:38:51.405787,Stockpig,"""Howden have set their sights on 1000 UK branches and continue to open sites in Ireland and France so there's plenty of scope for growth.""Agreed. They also announced a move towards selling more than just kitchens",2025-05-29 01:38:51.431,https://www.lse.co.uk/ShareChat.html?ShareTicker=HWDN
HWDN_20250529_013851_6600b50c,HWDN_recent,HWDN,2025-05-29 01:38:51.406058,boxthefox,The share has been slipping recently.  Sanderson shares have slumped in recent times also. Housebuilding not happening.  Anyone any views on where this share is going?,2025-05-29 01:38:51.432,https://www.lse.co.uk/ShareChat.html?ShareTicker=HWDN
HWDN_20250529_013851_3d45a927,HWDN_recent,HWDN,2025-05-29 01:38:51.406185,Owennoone,Good to see. Now to sustain it,2025-05-29 01:38:51.433,https://www.lse.co.uk/ShareChat.html?ShareTicker=HWDN
HWDN_20250529_013851_f46e37ac,HWDN_recent,HWDN,2025-05-29 01:38:51.406321,schjmh,"Read the final report issued on 29.02.24, you will find the dates there on on their website",2025-05-29 01:38:51.433,https://www.lse.co.uk/ShareChat.html?ShareTicker=HWDN
HWDN_20250529_013851_24a4e53e,HWDN_recent,HWDN,2025-05-29 01:38:51.406466,boracic,When is the last day for getting shares to get the dividend soon ?.,2025-05-29 01:38:51.433,https://www.lse.co.uk/ShareChat.html?ShareTicker=HWDN
HWDN_20250529_013859_37a8c1d6,HWDN_recent,HWDN,2025-05-29 01:38:59.706994,AcciesLad,"No doubt the SP will slip this morning on the trading update but in today's climate, Howdens continue to outperform the competition.Sales lightly down on a record 2022 but I'm more than happy with this update.""Given the Group's continued resilient trading, the Board maintains its full year expectations for 2023, but recognising a more uncertain macro-economic outlook this is expected to be towards the lower end of the range of analysts' consensus forecasts.""That's still ¬£300 million PBT!!",2025-05-29 01:38:59.736,https://www.lse.co.uk/ShareChat.html?ShareTicker=HWDN&page=2
HWDN_20250529_013859_24a4e53e,HWDN_recent,HWDN,2025-05-29 01:38:59.707291,boracic,"Into the Footsie 100 today , hope for interest from the big investors . Last time went in the Footsie 100 in the big investors did not take much interest .",2025-05-29 01:38:59.74,https://www.lse.co.uk/ShareChat.html?ShareTicker=HWDN&page=2
HWDN_20250529_013859_dbd7407f,HWDN_recent,HWDN,2025-05-29 01:38:59.707686,Montesa,Have ridden the waves and tides running since mid December 22 and at the surge of  high spots of yesterday reaching my personal sell level I swopped back to cash and am watching again.Sadly dithered similar sweet spot in early Feb to dismay within days. We‚Äôll see ‚Ä¶.,2025-05-29 01:38:59.741,https://www.lse.co.uk/ShareChat.html?ShareTicker=HWDN&page=2
HWDN_20250529_013859_d3deb2b9,HWDN_recent,HWDN,2025-05-29 01:38:59.708334,Scarfell,Still has quite a high pension deficit and its interest bill has gone from 4m to 5m. On the surface the update looks ok but I'm not convinced enough to buy more at this price.,2025-05-29 01:38:59.741,https://www.lse.co.uk/ShareChat.html?ShareTicker=HWDN&page=2
HWDN_20250529_013859_98b42cb3,HWDN_recent,HWDN,2025-05-29 01:38:59.70982,niklol,I agree  and expected a rise not a fall in the SPWhy?,2025-05-29 01:38:59.743,https://www.lse.co.uk/ShareChat.html?ShareTicker=HWDN&page=2
HWDN_20250529_013859_278bad61,HWDN_recent,HWDN,2025-05-29 01:38:59.710449,Corryvreckan1,"Not a buy back, they haven't announced any new programme yet.  I assume the last one hit the ¬£25m total as nothing declared since 9 June.It's the Uncrossing Trade (UT) from the closing auction at end of day.  You can see a similar UT every day looking back, nearly always a little above or below the spread depending on which side the auction closed on. I can't really explain the process and I'm convinced it involves some kind of wizardry, but it's common on many larger companies at the end of each day.It sometimes sets the tone for open on the following day though.",2025-05-29 01:38:59.745,https://www.lse.co.uk/ShareChat.html?ShareTicker=HWDN&page=2
